{"nodes": [{"group": 40, "id": "system"}, {"group": 1, "id": "tasks"}, {"group": 2, "id": "methods"}, {"group": 3, "id": "e.g."}, {"group": 38, "id": "process"}, {"group": 39, "id": "ancient greek"}, {"group": 4, "id": "engineering"}, {"group": 5, "id": "analyzing"}, {"group": 6, "id": "descriptions"}, {"group": 7, "id": "human visual system"}, {"group": 8, "id": "computer vision systems"}, {"group": 36, "id": "methodos"}, {"group": 9, "id": "discipline"}, {"group": 10, "id": "information"}, {"group": 11, "id": "statistics"}, {"group": 37, "id": "knowledge"}, {"group": 0, "id": "computer vision"}, {"group": 13, "id": "forms"}, {"group": 14, "id": "extraction"}, {"group": 12, "id": "image understanding"}, {"group": 41, "id": "investigation"}, {"group": 42, "id": "inquiry"}, {"group": 15, "id": "systems"}, {"group": 16, "id": "input"}, {"group": 17, "id": "transformation"}, {"group": 18, "id": "theory."}, {"group": 22, "id": "processing"}, {"group": 20, "id": "theory"}, {"group": 21, "id": "views"}, {"group": 19, "id": "retina"}, {"group": 23, "id": "understanding"}, {"group": 24, "id": "construction"}, {"group": 43, "id": "pursuit"}, {"group": 25, "id": "decisions."}, {"group": 26, "id": "data"}, {"group": 35, "id": "task"}, {"group": 27, "id": "geometry"}, {"group": 28, "id": "theories"}, {"group": 44, "id": "mode"}, {"group": 29, "id": "context"}, {"group": 30, "id": "action"}, {"group": 31, "id": "aid"}, {"group": 32, "id": "physics"}, {"group": 33, "id": "order"}, {"group": 34, "id": "perspective"}], "links": [{"source": 0, "target": 0, "value": 1}, {"source": 0, "target": 1, "value": 1}, {"source": 0, "target": 2, "value": 1}, {"source": 0, "target": 3, "value": 1}, {"source": 0, "target": 4, "value": 1}, {"source": 0, "target": 5, "value": 1}, {"source": 0, "target": 6, "value": 1}, {"source": 0, "target": 7, "value": 1}, {"source": 0, "target": 8, "value": 1}, {"source": 0, "target": 9, "value": 1}, {"source": 0, "target": 10, "value": 1}, {"source": 0, "target": 11, "value": 1}, {"source": 0, "target": 12, "value": 1}, {"source": 0, "target": 13, "value": 1}, {"source": 0, "target": 14, "value": 1}, {"source": 0, "target": 15, "value": 1}, {"source": 0, "target": 16, "value": 1}, {"source": 0, "target": 17, "value": 1}, {"source": 0, "target": 18, "value": 1}, {"source": 0, "target": 19, "value": 1}, {"source": 0, "target": 20, "value": 1}, {"source": 0, "target": 21, "value": 1}, {"source": 0, "target": 22, "value": 1}, {"source": 0, "target": 23, "value": 1}, {"source": 0, "target": 24, "value": 1}, {"source": 0, "target": 25, "value": 1}, {"source": 0, "target": 26, "value": 1}, {"source": 0, "target": 27, "value": 1}, {"source": 0, "target": 28, "value": 1}, {"source": 0, "target": 29, "value": 1}, {"source": 0, "target": 30, "value": 1}, {"source": 0, "target": 31, "value": 1}, {"source": 0, "target": 32, "value": 1}, {"source": 0, "target": 33, "value": 1}, {"source": 0, "target": 34, "value": 1}, {"source": 1, "target": 34, "value": 1}, {"source": 1, "target": 35, "value": 1}, {"source": 2, "target": 35, "value": 1}, {"source": 2, "target": 36, "value": 1}, {"source": 2, "target": 37, "value": 1}, {"source": 2, "target": 38, "value": 1}, {"source": 2, "target": 39, "value": 1}, {"source": 2, "target": 40, "value": 1}, {"source": 2, "target": 41, "value": 1}, {"source": 2, "target": 42, "value": 1}, {"source": 2, "target": 43, "value": 1}, {"source": 2, "target": 44, "value": 1}]}