{"nodes": [{"group": 45, "id": "concept"}, {"group": 70, "id": "activities"}, {"group": 2, "id": "process"}, {"group": 60, "id": "compound"}, {"group": 42, "id": "deals"}, {"group": 3, "id": "principles"}, {"group": 4, "id": "syntax"}, {"group": 48, "id": "symbols"}, {"group": 67, "id": "rock-s"}, {"group": 5, "id": "interplay"}, {"group": 6, "id": "sentences"}, {"group": 7, "id": "morphology"}, {"group": 8, "id": "meaning."}, {"group": 9, "id": "sounds"}, {"group": 50, "id": "rocks"}, {"group": 10, "id": "sound systems"}, {"group": 61, "id": "affixes"}, {"group": 51, "id": "redness"}, {"group": 71, "id": "result"}, {"group": 0, "id": "linguistics"}, {"group": 11, "id": "use"}, {"group": 49, "id": "clauses"}, {"group": 12, "id": "a\u1e63\u1e6d\u0101dhy\u0101y\u012b."}, {"group": 13, "id": "phonetics"}, {"group": 62, "id": "red-ness"}, {"group": 14, "id": "relations"}, {"group": 64, "id": "english"}, {"group": 15, "id": "languages"}, {"group": 16, "id": "production"}, {"group": 57, "id": "run"}, {"group": 20, "id": "context."}, {"group": 53, "id": "sand-box"}, {"group": 18, "id": "sanskrit"}, {"group": 19, "id": "composition"}, {"group": 17, "id": "language form"}, {"group": 55, "id": "morpheme"}, {"group": 56, "id": "elements"}, {"group": 21, "id": "aspects"}, {"group": 22, "id": "description"}, {"group": 23, "id": "rules"}, {"group": 63, "id": "word"}, {"group": 65, "id": "isolation"}, {"group": 58, "id": "rock"}, {"group": 24, "id": "hand"}, {"group": 25, "id": "human language"}, {"group": 26, "id": "meaning"}, {"group": 59, "id": "red rock"}, {"group": 1, "id": "words"}, {"group": 46, "id": "graphemes"}, {"group": 28, "id": "ambiguity."}, {"group": 47, "id": "one"}, {"group": 29, "id": "properties"}, {"group": 30, "id": "semantics"}, {"group": 31, "id": "sound"}, {"group": 32, "id": "grammar"}, {"group": 34, "id": "language"}, {"group": 33, "id": "subsets"}, {"group": 35, "id": "framework"}, {"group": 36, "id": "phrases"}, {"group": 37, "id": "study"}, {"group": 38, "id": "documentation"}, {"group": 39, "id": "utterances"}, {"group": 40, "id": "analysis"}, {"group": 41, "id": "theories"}, {"group": 27, "id": "phonology"}, {"group": 54, "id": "phonemes"}, {"group": 43, "id": "context"}, {"group": 52, "id": "alphabet"}, {"group": 66, "id": "element"}, {"group": 68, "id": "root"}, {"group": 69, "id": "example"}, {"group": 44, "id": "truth conditions"}], "links": [{"source": 0, "target": 0, "value": 1}, {"source": 0, "target": 1, "value": 1}, {"source": 0, "target": 2, "value": 1}, {"source": 0, "target": 3, "value": 1}, {"source": 0, "target": 4, "value": 1}, {"source": 0, "target": 5, "value": 1}, {"source": 0, "target": 6, "value": 1}, {"source": 0, "target": 7, "value": 1}, {"source": 0, "target": 8, "value": 1}, {"source": 0, "target": 9, "value": 1}, {"source": 0, "target": 10, "value": 1}, {"source": 0, "target": 11, "value": 1}, {"source": 0, "target": 12, "value": 1}, {"source": 0, "target": 13, "value": 1}, {"source": 0, "target": 14, "value": 1}, {"source": 0, "target": 15, "value": 1}, {"source": 0, "target": 16, "value": 1}, {"source": 0, "target": 17, "value": 1}, {"source": 0, "target": 18, "value": 1}, {"source": 0, "target": 19, "value": 1}, {"source": 0, "target": 20, "value": 1}, {"source": 0, "target": 21, "value": 1}, {"source": 0, "target": 22, "value": 1}, {"source": 0, "target": 23, "value": 1}, {"source": 0, "target": 24, "value": 1}, {"source": 0, "target": 25, "value": 1}, {"source": 0, "target": 26, "value": 1}, {"source": 0, "target": 27, "value": 1}, {"source": 0, "target": 28, "value": 1}, {"source": 0, "target": 29, "value": 1}, {"source": 0, "target": 30, "value": 1}, {"source": 0, "target": 31, "value": 1}, {"source": 0, "target": 32, "value": 1}, {"source": 0, "target": 33, "value": 1}, {"source": 0, "target": 34, "value": 1}, {"source": 0, "target": 35, "value": 1}, {"source": 0, "target": 36, "value": 1}, {"source": 0, "target": 37, "value": 1}, {"source": 0, "target": 38, "value": 1}, {"source": 0, "target": 39, "value": 1}, {"source": 0, "target": 40, "value": 1}, {"source": 0, "target": 41, "value": 1}, {"source": 0, "target": 42, "value": 1}, {"source": 0, "target": 43, "value": 1}, {"source": 0, "target": 44, "value": 1}, {"source": 1, "target": 44, "value": 1}, {"source": 1, "target": 45, "value": 1}, {"source": 1, "target": 46, "value": 1}, {"source": 1, "target": 47, "value": 1}, {"source": 1, "target": 48, "value": 1}, {"source": 1, "target": 49, "value": 1}, {"source": 1, "target": 50, "value": 1}, {"source": 1, "target": 51, "value": 1}, {"source": 1, "target": 52, "value": 1}, {"source": 1, "target": 53, "value": 1}, {"source": 1, "target": 54, "value": 1}, {"source": 1, "target": 55, "value": 1}, {"source": 1, "target": 56, "value": 1}, {"source": 1, "target": 57, "value": 1}, {"source": 1, "target": 58, "value": 1}, {"source": 1, "target": 59, "value": 1}, {"source": 1, "target": 60, "value": 1}, {"source": 1, "target": 61, "value": 1}, {"source": 1, "target": 62, "value": 1}, {"source": 1, "target": 63, "value": 1}, {"source": 1, "target": 64, "value": 1}, {"source": 1, "target": 65, "value": 1}, {"source": 1, "target": 66, "value": 1}, {"source": 1, "target": 67, "value": 1}, {"source": 1, "target": 68, "value": 1}, {"source": 1, "target": 69, "value": 1}, {"source": 2, "target": 69, "value": 1}, {"source": 2, "target": 70, "value": 1}, {"source": 2, "target": 71, "value": 1}]}